"Favorite animal","Discuss your or your child's favorite animal, its habitat, and interesting facts about it"
"Dream vacation","Talk about where you or your child would love to go on vacation and why"
"Best book ever read","Share the best book you or your child has read and what made it special"
"Future career aspirations","Explore what you or your child wants to be when grown up and why"
"Favorite season","Discuss which season you or your child likes best and the reasons behind it"
"Ideal superpower","If you or your child could have any superpower, what would it be and why?"
"Family traditions","Talk about family traditions you have or would like to start"
"Favorite food","Discuss your or your child's favorite meal or snack and why it's so enjoyable"
"Memorable birthday","Share stories about the most memorable birthday you or your child has had"
"Dream invention","Imagine an invention that would make life easier or more fun for you or your child"
"Favorite movie","Discuss your or your child's favorite movie and what makes it special"
"Best friend","Talk about your or your child's best friend and what makes them a great friend"
"Favorite subject in school","Discuss which school subject you or your child enjoys most and why"
"Dream pet","If you or your child could have any animal as a pet, what would it be and why?"
"Favorite game","Talk about your or your child's favorite game (board game, video game, or outdoor game)"
"Ideal day off","Describe what a perfect day off would look like for you or your child"
"Favorite music","Discuss your or your child's favorite type of music or song and why you enjoy it"
"Dream treehouse","Design an imaginary treehouse with all the features you or your child would want"
"Favorite sport","Talk about your or your child's favorite sport to play or watch"
"Time travel destination","If you or your child could travel to any time in history, where and when would you go?"
"Favorite holiday","Discuss your or your child's favorite holiday and what makes it special"
"Dream job","Talk about what you or your child thinks would be the most fun job in the world"
"Favorite outdoor activity","Share your or your child's favorite thing to do outside"
"Ideal birthday party","Plan an imaginary perfect birthday party for you or your child"
"Favorite TV show","Discuss your or your child's favorite TV show and what makes it enjoyable"
"Dream talent","If you or your child could instantly become talented at something, what would it be?"
"Favorite place","Talk about your or your child's favorite place to visit or spend time"
"Imaginary friend","Describe an imaginary friend for you or your child - what would they be like?"
"Favorite dessert","Discuss your or your child's favorite dessert and why it's so delicious"
"Dream playground","Design an ideal playground with all the features you or your child would want"
"Favorite color","Talk about your or your child's favorite color and why you like it"
"Ideal family outing","Plan a perfect family day out that you or your child would enjoy"
"Favorite hobby","Discuss your or your child's favorite hobby and why you enjoy it"
"Dream house","Describe what your or your child's dream house would look like"
"Favorite cartoon character","Talk about your or your child's favorite cartoon character and why you like them"
"Ideal summer camp","Design a perfect summer camp with activities you or your child would love"
"Favorite joke","Share your or your child's favorite joke and why it's funny"
"Dream adventure","Describe an exciting adventure you or your child would like to go on"
"Favorite toy","Discuss your or your child's favorite toy and why it's special"
"Ideal school","Design a perfect school with all the features you or your child would want"
"Favorite ice cream flavor","Talk about your or your child's favorite ice cream flavor and why it's the best"
"Dream costume","Describe the most amazing costume you or your child can imagine wearing"
"Favorite fairy tale","Discuss your or your child's favorite fairy tale and why you like it"
"Ideal room decor","Design the perfect bedroom decor for you or your child"
"Favorite vegetable","Talk about your or your child's favorite vegetable and how you like it prepared"
"Dream theme park","Create an imaginary theme park with all the rides and attractions you or your child would want"
"Favorite dinosaur","Discuss your or your child's favorite dinosaur and share interesting facts about it"
"Ideal picnic","Plan a perfect picnic with all the food and activities you or your child would enjoy"
"Favorite historical figure","Talk about a historical figure you or your child admires and why"
"Dream supervillain","Invent a supervillain character for you or your child - what would they be like?"
"Favorite sandwich","Discuss your or your child's favorite sandwich and what makes it delicious"
"Ideal playground game","Invent a new playground game that you or your child would love to play"
"Favorite mode of transportation","Talk about your or your child's favorite way to travel and why"
"Dream circus act","Imagine being in a circus - what act would you or your child want to perform?"
"Favorite science experiment","Discuss a science experiment you or your child finds fascinating"
"Ideal tree fort","Design a perfect tree fort with all the features you or your child would want"
"Favorite mythical creature","Talk about your or your child's favorite mythical creature and its powers"
"Dream restaurant","Create an imaginary restaurant with a theme and menu you or your child would love"
"Favorite constellation","Discuss your or your child's favorite constellation and the story behind it"
"Ideal superhero team","Assemble a team of superheroes that you or your child would want to be part of"
"Favorite board game","Talk about your or your child's favorite board game and why it's fun"
"Dream invention for school","Invent something that would make school more enjoyable for you or your child"
"Favorite fruit","Discuss your or your child's favorite fruit and why you like it"
"Ideal family vacation","Plan a perfect family vacation that you or your child would enjoy"
"Favorite fictional character","Talk about your or your child's favorite character from a book or movie"
"Dream treehouse interior","Design the interior of a treehouse with all the features you or your child would want"
"Favorite art project","Discuss an art project you or your child really enjoyed doing"
"Ideal birthday cake","Describe the most amazing birthday cake you or your child can imagine"
"Favorite planet","Talk about your or your child's favorite planet and share interesting facts about it"
"Dream talent show act","Plan a talent show act that you or your child would love to perform"
"Favorite playground equipment","Discuss your or your child's favorite piece of playground equipment and why"
"Ideal movie theater experience","Design the perfect movie-watching experience for you or your child"
"Favorite dance move","Talk about your or your child's favorite dance move and why it's fun"
"Dream secret hideout","Create an imaginary secret hideout with all the features you or your child would want"
"Favorite smell","Discuss your or your child's favorite smell and what it reminds you of"
"Ideal zoo exhibit","Design a perfect zoo exhibit featuring your or your child's favorite animals"
"Favorite cartoon","Talk about your or your child's favorite cartoon and why you enjoy it"
"Dream time machine","Invent a time machine - where and when would you or your child want to travel?"
"Favorite outdoor game","Discuss your or your child's favorite game to play outside"
"Ideal treehouse location","Choose the perfect spot for a treehouse and explain why you or your child picked it"
"Favorite musical instrument","Talk about your or your child's favorite instrument and why you like its sound"
"Dream superhero costume","Design a superhero costume for you or your child - what would it look like?"
"Favorite type of weather","Discuss your or your child's favorite type of weather and why you enjoy it"
"Ideal playground slide","Create the most amazing playground slide you or your child can imagine"
"Favorite fictional world","Talk about a fictional world you or your child would love to visit"
"Dream invention for pets","Invent something that would make life better for pets"
"Favorite type of tree","Discuss your or your child's favorite type of tree and why you like it"
"Ideal amusement park ride","Design the perfect amusement park ride for you or your child"
"Favorite mythological story","Talk about your or your child's favorite myth or legend"
"Dream clubhouse","Create an imaginary clubhouse with all the features you or your child would want"
"Favorite type of cloud","Discuss your or your child's favorite type of cloud and why you find it interesting"
"Ideal playground fortress","Design a playground fortress with all the features you or your child would want"
"Favorite type of hat","Talk about your or your child's favorite type of hat and when you'd wear it"
"Dream underwater adventure","Imagine an exciting underwater adventure for you or your child"
"Favorite type of flower","Discuss your or your child's favorite flower and why you like it"
"Ideal tree climbing experience","Describe the perfect tree for climbing and what makes it great"
"Favorite type of bird","Talk about your or your child's favorite bird and share interesting facts about it"
"Dream flying machine","Invent a flying machine that you or your child would love to use"
"Favorite type of shoe","Discuss your or your child's favorite type of shoe and why it's comfortable or cool"
"Ideal fort building materials","Talk about the best materials for building a fort and why you or your child would choose them"
"Favorite type of rock or mineral","Discuss your or your child's favorite rock or mineral and its properties"
"Dream playground water feature","Design an amazing water feature for a playground that you or your child would enjoy"
"Favorite type of bug","Talk about your or your child's favorite insect and share interesting facts about it"
"Ideal tree swing","Describe the perfect tree swing that you or your child would love to use"
"Favorite type of boat","Discuss your or your child's favorite type of boat and where you'd like to sail it"
"Dream sand castle","Design an elaborate sand castle that you or your child would love to build"
"Favorite type of cookie","Talk about your or your child's favorite type of cookie and why it's delicious"
"Ideal backyard obstacle course","Create an imaginary backyard obstacle course that you or your child would enjoy"
"Favorite type of dance","Discuss your or your child's favorite type of dance and why it's fun"
"Dream playground tunnel","Design an exciting playground tunnel that you or your child would love to explore"
"Favorite type of soup","Talk about your or your child's favorite type of soup and why it's comforting"
"Ideal snow fort","Describe the perfect snow fort that you or your child would like to build"
"Favorite type of fish","Discuss your or your child's favorite type of fish and its habitat"
"Dream treehouse zip line","Design an amazing zip line for a treehouse that you or your child would enjoy"
"Favorite type of pizza topping","Talk about your or your child's favorite pizza topping and why it's delicious"
"Ideal playground seesaw","Create an imaginative seesaw design that you or your child would love to use"
"Favorite type of building","Discuss your or your child's favorite type of building and its architecture"
"Dream bubble-blowing machine","Invent an elaborate bubble-blowing machine that you or your child would enjoy"
"Favorite type of pasta","Talk about your or your child's favorite type of pasta and how you like it prepared"
"Ideal treehouse pulley system","Design a cool pulley system for a treehouse that you or your child would use"
"Favorite type of bridge","Discuss your or your child's favorite type of bridge and its engineering"
"Dream playground merry-go-round","Create an imaginative merry-go-round design for a playground"
"Favorite type of cheese","Talk about your or your child's favorite type of cheese and why it's tasty"
"Ideal backyard camping setup","Describe the perfect backyard camping setup for you or your child"
"Favorite type of musical","Discuss your or your child's favorite musical and its best songs"
"Dream treehouse telescope","Design an amazing telescope setup for a treehouse that you or your child would use"
"Favorite type of hat","Talk about your or your child's favorite type of hat and when you'd wear it"
"Ideal playground climbing structure","Create an imaginative climbing structure for a playground"
"Favorite type of sandwich","Discuss your or your child's favorite type of sandwich and its ingredients"
"Dream backyard water slide","Design an exciting water slide for a backyard that you or your child would enjoy"
"Favorite type of cereal","Talk about your or your child's favorite type of cereal and why it's delicious"
"Ideal treehouse reading nook","Describe the perfect reading nook for a treehouse that you or your child would love"
"Favorite type of dance","Discuss your or your child's favorite type of dance and why it's fun"
"Dream playground swing set","Create an elaborate swing set design for a playground"
"Favorite type of juice","Talk about your or your child's favorite type of juice and why it's refreshing"
"Ideal backyard fort","Describe the perfect backyard fort that you or your child would like to build"
"Favorite type of cloud","Discuss your or your child's favorite type of cloud and its characteristics"
"Dream treehouse lookout tower","Design an exciting lookout tower for a treehouse that you or your child would use"
"Favorite type of pie","Talk about your or your child's favorite type of pie and why it's delicious"
"Ideal playground seesaw","Create an imaginative seesaw design for a playground"
"Favorite type of dinosaur","Discuss your or your child's favorite dinosaur and share interesting facts about it"
"Dream backyard treehouse","Design the ultimate backyard treehouse that you or your child would love"
"Favorite type of soup","Talk about your or your child's favorite type of soup and why it's comforting"
"Ideal playground monkey bars","Describe the perfect set of monkey bars for a playground"
"Favorite type of dog breed","Discuss your or your child's favorite dog breed and its characteristics"
"Dream sandbox design","Create an elaborate sandbox design that you or your child would enjoy playing in"
"Favorite type of ice cream flavor","Talk about your or your child's favorite ice cream flavor and why it's delicious"
"Ideal treehouse trap door","Design a cool trap door for a treehouse that you or your child would use"
"Favorite type of flower","Discuss your or your child's favorite flower and its characteristics"
"Dream playground slide","Create an imaginative slide design for a playground"
"Favorite type of pizza","Talk about your or your child's favorite type of pizza and its toppings"
"Ideal backyard obstacle course","Describe the perfect backyard obstacle course for you or your child"
"Favorite type of bird","Discuss your or your child's favorite bird and share interesting facts about it"
"Dream treehouse bridge","Design an exciting bridge connecting two treehouses"
"Favorite type of cake","Talk about your or your child's favorite type of cake and why it's delicious"
"Ideal playground seesaw","Create an imaginative seesaw design for a playground"
"Favorite type of tree","Discuss your or your child's favorite type of tree and its characteristics"
"Dream backyard playhouse","Design the ultimate backyard playhouse that you or your child would love"
"Favorite type of fruit","Talk about your or your child's favorite fruit and why it's delicious"
"Ideal treehouse zip line","Describe an exciting zip line setup for a treehouse"
"Favorite type of vegetable","Discuss your or your child's favorite vegetable and how you like it prepared"
"Dream playground merry-go-round","Create an elaborate merry-go-round design for a playground"
"Favorite type of candy","Talk about your or your child's favorite type of candy and why it's tasty"
"Ideal backyard swing","Design the perfect backyard swing that you or your child would enjoy"
"Favorite type of fish","Discuss your or your child's favorite type of fish and its habitat"
"Dream treehouse secret room","Create an imaginative secret room for a treehouse"
"Favorite type of cookie","Talk about your or your child's favorite type of cookie and why it's delicious"
"Ideal playground tunnel","Describe an exciting tunnel design for a playground"
"Favorite type of car","Discuss your or your child's favorite type of car and its features"
"Dream backyard pool","Design the ultimate backyard pool that you or your child would love"
"Favorite type of pasta dish","Talk about your or your child's favorite pasta dish and its ingredients"
"Ideal treehouse telescope","Design an amazing telescope setup for a treehouse"
"Favorite type of hat","Discuss your or your child's favorite type of hat and when you'd wear it"
"Dream playground swing set","Create an elaborate swing set design for a playground"
"Favorite type of cereal","Talk about your or your child's favorite type of cereal and why it's delicious"
"Ideal treehouse reading nook","Describe the perfect reading nook for a treehouse"
"Favorite type of dance","Discuss your or your child's favorite type of dance and why it's fun"
"Dream playground slide","Create an imaginative slide design for a playground"
"Favorite type of pizza","Talk about your or your child's favorite type of pizza and its toppings"
